N,Average,Median
4096,242.5406169999391,235.09288700018078
8192,481.1449031000026,485.6406809994951
16384,908.9788193000015,833.7445209994912
32768,1524.5570125000086,1495.9910279996693
65536,2779.6135312499478,2702.61072300002
131072,5522.418737999908,5321.297888999805
262144,22105.75478795003,18488.19715499971
524288,23029.70818909984,22292.64680499956
1048576,41566.14205919988,37757.32222499885