N,Average,Median
4096,254.64536795001476,245.4487800002098
8192,453.99854719992726,435.5261019989848
16384,820.9388765999116,812.7388140000403
32768,1499.102961449977,1480.5072060003877
65536,2736.968580749724,2716.1361389998347
131072,5773.961725800019,5152.358032001182
262144,12230.602357750013,10559.964612999931
524288,21111.273814799915,19669.002580000088
1048576,41327.39643205004,38071.170691998675