N,Average,Median
4096,42.84837150014937,42.233984999358654
8192,80.51250299988314,79.56317299976945
16384,162.85572300013155,156.57810600101948
32768,364.75126705011354,368.0819690003991
65536,572.067602299992,572.9050960000604
131072,2281.9268293498085,4229.022680999711
262144,2509.599769399967,2031.3828699998558
524288,5217.812897699978,3840.5871990006417
1048576,9122.958242150116,6318.373108999804