N,Average,Median
4096,323.8409124000929,315.43850300088525
8192,514.3679440002888,482.911718999967
16384,999.0317084000446,910.2638920005411
32768,3051.6461868998595,1951.949875999242
65536,3925.2334730001166,3085.872534001246
131072,6403.038457000349,5902.445701001212
262144,11086.271357349959,10433.34316300042
524288,21711.682036349644,20175.711753999814
1048576,45417.88331495002,44859.6103579998