N,Average,Median
4096,1039.3262664500003,1199.847425
8192,845.8659764,842.748156
16384,1585.7080116499997,1567.706987
32768,3617.0336731999996,2860.587641
65536,6502.872339049999,5497.665273
131072,11321.4293165,10449.151922000001
262144,22835.04207595,20056.41344
524288,42285.73153905,36637.514281
1048576,91526.00400709998,91897.237891