N,Average,Median
4096,42.350341350119564,42.50249900110066
8192,80.9753163500689,81.60723900049925
16384,151.09175824997948,153.97260399907827
32768,268.2351001504809,267.2894110009074
65536,1023.8128807500937,521.4498539995402
131072,1037.5635024002754,1191.04377300106
262144,3176.1071628498844,2141.493981000036
524288,5438.297528350074,3897.5601020008326
1048576,9736.071225550026,6489.689593998715