N,Average,Median
4096,543.85442425,553.4609539999999
8192,1201.5036105,1141.147649
16384,1922.7800883500004,1860.176408
32768,3754.714114050001,3899.392884
65536,6265.916937499999,5513.253444
131072,13110.4690672,12554.285824
262144,23489.04341445,23674.463587
524288,44311.212795249994,40493.568087
1048576,74354.87954159999,71627.21948700001