N,Average,Median
4096,63.355923749879004,64.61193300038576
8192,103.85967800058424,109.54305999726057
16384,171.77783105000853,175.66598400101066
32768,306.29003680069,309.75815800204873
65536,607.8578059999272,608.9293269999325
131072,2147.43906679973,926.957173999399
262144,3231.0006812997162,2321.49641700089
524288,5599.249954650365,4099.5524390004575
1048576,10469.658114750497,6990.701243001968